UUID,TAG ID
50c49d09-ebe4-478c-a4c0-85af9000b782,74039864-59d3-49ee-83b8-db04c6d76c99
d02f2566-0340-4b6b-88cf-887c3eb2f59c,f2c19259-bd23-4927-9e14-f6a3bda602a9
a9484e9e-b4f5-4df6-8953-8cea12cfdd07,74039864-59d3-49ee-83b8-db04c6d76c99
11bbc287-2388-44e7-a9d5-61e29c26f7e2,f2c19259-bd23-4927-9e14-f6a3bda602a9
5d667452-d401-4f46-96b2-4f0de0cd202a,74039864-59d3-49ee-83b8-db04c6d76c99
a4d32b07-ea6e-48d4-bd12-7d0e8497e564,f2c19259-bd23-4927-9e14-f6a3bda602a9
d1da57c8-0250-4afd-9d0e-d4149609b5f2,74039864-59d3-49ee-83b8-db04c6d76c99
f8a3fe1f-8110-4d79-8096-c02776e79b49,f2c19259-bd23-4927-9e14-f6a3bda602a9
f4344332-0963-48f6-851d-c8416cd14c4d,74039864-59d3-49ee-83b8-db04c6d76c99
